,count,mean,std,min,25%,50%,75%,max
Imputedprice,1798.0,0.004165739710789766,0.1766391531733985,0.0,0.0,0.0,0.0,7.49
DeMeanedImputedscore,1798.0,0.0004163149541102822,0.12283040134861699,-1.4957820812499993,-0.045584170312499506,-0.008464468749999732,0.0405899265624996,1.1515068124999996
ZScoreDeMeanedImputedreviews,1798.0,0.2555911261722164,2.2584722110887667,-14.204951288212822,-0.04313140193660826,0.011057872708294801,0.16718282052557976,77.72666327971501
size,1798.0,43.291434927697445,36.85171060269735,0.0,15.0,38.0,67.0,525.0
DaysSinceReleased,1798.0,2086.044493882091,932.3359765067275,670.0,1292.0,1957.0,2797.75,4129.0
