,count,mean,std,min,25%,50%,75%,max
Imputedprice,228.0,1.5043859649122813,2.2430760954989077,0.0,0.0,0.0,2.49,12.99
DeMeanedImputedscore,228.0,-0.01576787883771934,0.1524349802198449,-1.54459905625,-0.05981840624999979,-0.010521528124999957,0.036888429687499946,0.5323543624999996
ZScoreDeMeanedImputedreviews,228.0,0.003772168479326435,0.8201861453650142,-7.3068472839786125,-0.06669193989843883,-0.06396491113424764,-0.04402850654375687,7.6729235631491814
DeMeanedminInstallsTop,228.0,0.01918859649122807,0.10432787587392499,0.0,0.0,0.0,0.0,0.8125
DeMeanedminInstallsMiddle,228.0,-0.0027412280701754384,0.14988761182372906,-0.8125,0.0,0.0,0.0,0.9375
size,228.0,56.824561403508774,41.6871599653201,0.0,22.75,54.0,89.0,215.0
DaysSinceReleased,228.0,1628.9956140350878,720.088036087506,246.0,1035.0,1482.0,2079.5,3833.0
