,count,mean,std,min,25%,50%,75%,max
Imputedprice,250.0,2.58296,19.583929380959113,0.0,0.0,0.0,0.99,304.99
Imputedscore,250.0,3.787965023850502,1.3256331118994429,0.0,3.7259837,4.273880650000001,4.549940775,4.861111
Imputedreviews,250.0,19010.22329690078,58410.40393616701,0.0,57.0,1802.5,11763.0,595014.0
size,250.0,42.728,59.64646527060182,0.0,16.0,29.0,55.0,729.0
DaysSinceReleased,250.0,2304.916,1030.5174573307595,671.0,1422.75,2138.5,3242.25,4128.0
