,count,mean,std,min,25%,50%,75%,max
DeMeanedImputedscore,1798.0,0.0004163149541102822,0.12283040134861699,-1.4957820812499993,-0.045584170312499506,-0.008464468749999732,0.0405899265624996,1.1515068124999996
ZScoreDeMeanedImputedreviews,1798.0,0.2555911261722164,2.2584722110887667,-14.204951288212822,-0.04313140193660826,0.011057872708294801,0.16718282052557976,77.72666327971501
DeMeanedminInstallsTop,1798.0,0.0858940489432703,0.21216099551254614,0.0,0.0,0.0,0.0,0.9375
DeMeanedminInstallsMiddle,1798.0,-0.0858940489432703,0.21216099551254614,-0.9375,0.0,0.0,0.0,0.0
