,count,mean,std,min,25%,50%,75%,max
Imputedprice,250.0,1.5333200000000002,3.4755711699560576,0.0,0.0,0.0,1.99,28.99
DeMeanedImputedscore,250.0,0.003535825223148134,0.20046584826584815,-0.9779437875000001,-0.06384918281250007,-0.0003558125000011625,0.04300356562499985,1.0347038562500002
ZScoreDeMeanedImputedreviews,250.0,-0.018670636142206213,0.2839886782080698,-2.9561231441953946,-0.06675577880306738,-0.06503013730114901,-0.04684886703986115,1.5993011277119753
DeMeanedminInstallsTop,250.0,0.0145,0.08700592003123656,0.0,0.0,0.0,0.0,0.625
DeMeanedminInstallsMiddle,250.0,0.009,0.1557756857055302,-0.625,0.0,0.0,0.0,0.9375
size,250.0,46.896,71.45710359802217,0.0,15.0,32.0,61.75,707.0
DaysSinceReleased,250.0,2075.672,970.9702908114925,680.0,1264.25,1874.0,2858.5,4056.0
