,count,mean,std,min,25%,50%,75%,max
Imputedprice,168.0,1.0258333333333334,2.509512302422123,0.0,0.0,0.0,1.26,23.99
Imputedscore,168.0,3.808786479839362,1.0747823590629975,0.0,3.6825894000000003,4.1484282,4.404719525,5.0
Imputedreviews,168.0,22470.005991809117,135316.0312543241,0.0,83.0,1138.0,6573.0,1532783.0
size,168.0,42.48809523809524,58.9423739786783,0.0,18.0,32.0,55.0,720.0
DaysSinceReleased,168.0,1361.4285714285713,708.1899722416124,667.0,873.5,1091.5,1668.5,3961.0
