,count,mean,std,min,25%,50%,75%,max
DeMeanedImputedscore,250.0,0.00937772513185453,0.2875444865907849,-1.154690812500001,-0.05627200156250023,0.0,0.04704577656250031,2.025
ZScoreDeMeanedImputedreviews,250.0,-0.040783718862113676,0.08157901885571328,-0.13757900803644854,-0.06685284380425699,-0.0654422902292772,-0.051210072208695896,0.8301819512088682
DeMeanedminInstallsTop,250.0,0.01375,0.08259904909650344,0.0,0.0,0.0,0.0,0.6875
DeMeanedminInstallsMiddle,250.0,0.00025,0.1199400055014119,-0.6875,0.0,0.0,0.0,0.75
